State,HistoricalFloodEvents,YearsAffected,FirstRecordedYear,LastRecordedYear,HistoricalIndex,HistoricalCategory,SourcePeriod
Maharashtra,1016,52,1969,2023,100.0,Very High,1967-2023
Assam,916,52,1967,2023,98.51,Very High,1967-2023
Kerala,608,50,1968,2023,92.59,Very High,1967-2023
Karnataka,494,44,1972,2023,89.6,Very High,1967-2023
Uttar Pradesh,475,48,1967,2023,89.04,Very High,1967-2023
Himachal Pradesh,365,41,1969,2023,85.24,Very High,1967-2023
West Bengal,344,46,1968,2022,84.39,Very High,1967-2023
Madhya Pradesh,270,38,1967,2023,80.9,Very High,1967-2023
Rajasthan,264,38,1967,2023,80.58,Very High,1967-2023
Jammu and Kashmir,248,37,1969,2023,79.68,Very High,1967-2023
Tamil Nadu,188,37,1976,2022,75.7,Very High,1967-2023
Bihar,177,42,1967,2023,74.83,High,1967-2023
Punjab,175,38,1969,2023,74.67,High,1967-2023
Gujarat,170,39,1968,2023,74.25,High,1967-2023
Odisha,157,38,1967,2021,73.11,High,1967-2023
Arunachal Pradesh,153,25,1973,2023,72.74,High,1967-2023
Andhra Pradesh,153,36,1968,2022,72.74,High,1967-2023
Telangana,150,10,1976,2022,72.46,High,1967-2023
Uttarakhand,121,22,1979,2023,69.38,High,1967-2023
Haryana,92,29,1967,2023,65.46,High,1967-2023
Chhattisgarh,69,12,1986,2022,61.35,High,1967-2023
Sikkim,64,16,1968,2022,60.28,High,1967-2023
Meghalaya,57,12,1983,2023,58.64,Moderate,1967-2023
Tripura,48,16,1976,2019,56.2,Moderate,1967-2023
Delhi,44,12,1969,2023,54.97,Moderate,1967-2023
Jharkhand,38,10,2001,2020,52.91,Moderate,1967-2023
Goa,34,8,1980,2022,51.34,Moderate,1967-2023
Mizoram,27,9,1991,2023,48.12,Moderate,1967-2023
Manipur,22,11,1976,2022,45.28,Moderate,1967-2023
Nagaland,18,6,1981,2020,42.52,Moderate,1967-2023
Chandigarh,6,3,1980,2023,28.1,Lower occurrence,1967-2023
Puducherry,6,3,1985,2015,28.1,Lower occurrence,1967-2023
Daman and Diu,5,0,0,0,25.88,Lower occurrence,1967-2023
Andaman & Nicobar Islands,3,1,2012,2012,20.02,Lower occurrence,1967-2023
Diu,2,1,1984,1984,15.87,Lower occurrence,1967-2023
Daman,2,1,1984,1984,15.87,Lower occurrence,1967-2023
Parts of Maharashtra,1,0,0,0,10.01,Lower occurrence,1967-2023
New Delhi,1,0,0,0,10.01,Lower occurrence,1967-2023
Dadra and Nagar Haveli,1,0,0,0,10.01,Lower occurrence,1967-2023
Madras,1,0,0,0,10.01,Lower occurrence,1967-2023
Ladakh,1,1,2023,2023,10.01,Lower occurrence,1967-2023
East Rajasthan,1,0,0,0,10.01,Lower occurrence,1967-2023
Daman & Diu,1,1,2008,2008,10.01,Lower occurrence,1967-2023
Uttar pradesh,1,0,0,0,10.01,Lower occurrence,1967-2023
Dadar&Nagar Haveli,1,0,0,0,10.01,Lower occurrence,1967-2023
