State,LandslideCount_1998_2022,HistoricalIndex,HistoricalCategory,SourcePeriod
"Jammu and Kashmir",7280,94.36,Critical,1998-2022
"Ladakh",23,33.72,Low,1998-2022
"Himachal Pradesh",1561,78.03,Critical,1998-2022
"Uttarakhand",11219,98.95,Critical,1998-2022
"Sikkim",1569,78.08,Critical,1998-2022
"West Bengal",172,54.68,Moderate,1998-2022
"Arunachal Pradesh",7689,94.94,Critical,1998-2022
"Nagaland",2132,81.34,Critical,1998-2022
"Manipur",5494,91.38,Critical,1998-2022
"Mizoram",12385,100.0,Critical,1998-2022
"Tripura",8070,95.46,Critical,1998-2022
"Assam",2569,83.31,Critical,1998-2022
"Meghalaya",2639,83.6,Critical,1998-2022
"Maharashtra",5112,90.61,Critical,1998-2022
"Goa",3,14.71,Low,1998-2022
"Karnataka",1094,74.26,High,1998-2022
"Kerala",6039,92.38,Critical,1998-2022
"Tamil Nadu",690,69.38,High,1998-2022
"Haryana",100,48.97,Moderate,1998-2022